,Batch,Loss,RPN Classification Loss,RPN Regression Loss,RCNN Classification Loss,RCNN Regression Loss
0,0,0.9187883734703064,0.16370323300361633,0.10087159276008606,0.021777164191007614,0.6324363946914673
1,1,5.052264213562012,0.16716943681240082,0.02314940094947815,4.3052239418029785,0.5567213892936707
2,2,4.7414045333862305,0.16231516003608704,0.06713144481182098,4.3011016845703125,0.21085655689239502
3,3,0.6388518214225769,0.14831115305423737,0.022883189842104912,0.021744709461927414,0.44591274857521057
4,4,0.8540884256362915,0.1500261127948761,0.01885107345879078,0.021710200235247612,0.6635010242462158
5,5,5.070079803466797,0.18311680853366852,0.04738805070519447,4.29917049407959,0.5404045581817627
6,6,4.676692008972168,0.17335160076618195,0.019321784377098083,4.3282856941223145,0.15573325753211975
7,7,5.453981399536133,0.16277793049812317,0.07722943276166916,4.319289207458496,0.8946850299835205
8,8,5.051297187805176,0.15078352391719818,0.02922111004590988,4.299718379974365,0.5715739727020264
9,9,5.241009712219238,0.1855817586183548,0.039715174585580826,4.3057403564453125,0.7099723219871521
10,10,4.936185359954834,0.19383089244365692,0.031551577150821686,4.313745021820068,0.3970582187175751
11,11,5.277341842651367,0.15342563390731812,0.031005367636680603,4.320307731628418,0.772602915763855
12,12,4.9546356201171875,0.1647985428571701,0.019257409498095512,4.325201988220215,0.4453777074813843
13,13,5.00277042388916,0.13758023083209991,0.11757628619670868,4.315366268157959,0.43224769830703735
14,14,4.907580852508545,0.17726971209049225,0.030835174024105072,4.300418853759766,0.39905694127082825
15,15,5.271488666534424,0.1416633278131485,0.029859129339456558,4.318202972412109,0.7817631363868713
16,16,4.994112968444824,0.1498183012008667,0.034103065729141235,4.318398475646973,0.49179336428642273
17,17,1.0936625003814697,0.1634621024131775,0.3015460669994354,0.021707139909267426,0.6069471836090088
18,18,4.986557960510254,0.2028151899576187,0.021616753190755844,4.315003395080566,0.44712260365486145
19,19,0.5893104076385498,0.17303800582885742,0.022013593465089798,0.021724794059991837,0.37253400683403015
20,20,5.0103020668029785,0.14710284769535065,0.05396318435668945,4.305018901824951,0.5042171478271484
21,21,4.9526543617248535,0.1532813310623169,0.021015672013163567,4.325469017028809,0.4528883397579193
22,22,5.005550861358643,0.19377227127552032,0.04027799144387245,4.314202308654785,0.45729824900627136
23,23,5.3070526123046875,0.1541055291891098,0.03714530169963837,4.309906482696533,0.805895209312439
24,24,0.6711491346359253,0.14696578681468964,0.04399663209915161,0.02178143709897995,0.4584052562713623
25,25,1.0702797174453735,0.14678147435188293,0.1331774890422821,0.02174309454858303,0.7685776352882385
26,26,4.8723063468933105,0.16675542294979095,0.02212918922305107,4.312459468841553,0.3709622621536255
27,27,5.256491184234619,0.14639173448085785,0.03249870613217354,4.3009490966796875,0.776651918888092
28,28,0.9243884086608887,0.14520621299743652,0.22587716579437256,0.021875638514757156,0.5314293503761292
29,29,5.088664531707764,0.13739176094532013,0.08989007771015167,4.303897857666016,0.5574846267700195
30,30,5.320845603942871,0.1483091562986374,0.04296746850013733,4.318415641784668,0.8111536502838135
31,31,0.6367281675338745,0.1445518136024475,0.07201817631721497,0.0217110738158226,0.39844709634780884
32,32,4.973410606384277,0.14519226551055908,0.046084873378276825,4.304011344909668,0.4781220555305481
33,33,4.938327789306641,0.15556339919567108,0.035070545971393585,4.303123950958252,0.44457000494003296
34,34,5.169425010681152,0.1554461419582367,0.018649615347385406,4.320651531219482,0.6746780276298523
35,35,1.1443865299224854,0.17237955331802368,0.02765367552638054,0.04353124648332596,0.9008220434188843
36,36,0.7488124966621399,0.145875483751297,0.12538281083106995,0.02174757793545723,0.4558066129684448
37,37,4.904367446899414,0.15824401378631592,0.027257541194558144,4.312863349914551,0.406002402305603
38,38,5.128424167633057,0.18203222751617432,0.019745349884033203,4.3162455558776855,0.6104010939598083
39,39,5.407317161560059,0.16436061263084412,0.024740425869822502,4.310449600219727,0.9077662825584412
40,40,5.2329511642456055,0.15080063045024872,0.024947304278612137,4.305210590362549,0.7519928216934204
41,41,5.0312628746032715,0.15715107321739197,0.05215642601251602,4.315080642700195,0.506874680519104
42,42,0.9682818055152893,0.16101892292499542,0.04325947165489197,0.04350212588906288,0.7205013036727905
43,43,1.127009630203247,0.20029665529727936,0.02554970793426037,0.04339276999235153,0.8577704429626465
44,44,5.093557357788086,0.17778801918029785,0.03450784087181091,4.304388999938965,0.5768725872039795
45,45,5.066207408905029,0.13895325362682343,0.08944590389728546,4.31812858581543,0.5196793675422668
46,46,1.0797715187072754,0.14120277762413025,0.17339250445365906,0.021796835586428642,0.7433793544769287
47,47,0.7148555517196655,0.14426745474338531,0.055054932832717896,0.0434575192630291,0.4720756411552429
48,48,0.7554373741149902,0.15067048370838165,0.16397807002067566,0.021828673779964447,0.4189600944519043
49,49,5.062967777252197,0.13680516183376312,0.13005377352237701,4.306475639343262,0.48963290452957153
50,50,4.903746128082275,0.13496296107769012,0.013980976305902004,4.317233085632324,0.4375689625740051
51,51,5.238694667816162,0.1597757339477539,0.03866518661379814,4.298818588256836,0.7414348721504211
52,52,5.013042449951172,0.15377327799797058,0.03414399176836014,4.307465076446533,0.5176601409912109
53,53,5.071440696716309,0.17664599418640137,0.05587819591164589,4.31748104095459,0.5214350819587708
54,54,5.150183200836182,0.15157835185527802,0.03897782415151596,4.311356544494629,0.6482705473899841
55,55,5.184445858001709,0.17266421020030975,0.029870683327317238,4.311827182769775,0.6700839400291443
56,56,5.294440269470215,0.16115479171276093,0.03767082095146179,4.3105082511901855,0.7851064205169678
57,57,5.037626266479492,0.14179706573486328,0.0399964414536953,4.3143415451049805,0.5414907932281494
58,58,5.015862464904785,0.15884147584438324,0.036738160997629166,4.334740161895752,0.4855429530143738
59,59,5.101088047027588,0.15540675818920135,0.034667424857616425,4.30441951751709,0.6065947413444519
60,60,0.5000407695770264,0.16161313652992249,0.02401338517665863,0.021712174639105797,0.2927020490169525
61,61,5.12988805770874,0.16307510435581207,0.02647186815738678,4.315627098083496,0.6247138381004333
62,62,0.7175102233886719,0.15553875267505646,0.031238563358783722,0.02167249098420143,0.5090603828430176
63,63,5.064228057861328,0.14855213463306427,0.03445885330438614,4.308199882507324,0.5730170607566833
64,64,0.4277503490447998,0.1430440992116928,0.07391771674156189,0.021784182637929916,0.1890043318271637
65,65,5.1443190574646,0.13998852670192719,0.030065659433603287,4.308134078979492,0.6661309599876404
66,66,4.988454818725586,0.15008307993412018,0.04814312979578972,4.302441120147705,0.4877872169017792
67,67,5.125201225280762,0.17041844129562378,0.028542492538690567,4.302149772644043,0.6240907907485962
68,68,5.111283302307129,0.1738244891166687,0.026401745155453682,4.311687469482422,0.5993693470954895
69,69,0.5223245620727539,0.19776663184165955,0.02090092934668064,0.021713610738515854,0.2819433808326721
70,70,0.41609644889831543,0.14485295116901398,0.12070819735527039,0.021759022027254105,0.12877623736858368
71,71,5.014069557189941,0.1388634741306305,0.03580833226442337,4.311018943786621,0.5283790826797485
72,72,5.212391376495361,0.15375147759914398,0.03541882336139679,4.307466506958008,0.7157544493675232
73,73,5.009092330932617,0.1498952955007553,0.040974024683237076,4.307257652282715,0.5109655857086182
74,74,5.139029502868652,0.17559848725795746,0.04145778715610504,4.31772518157959,0.6042481064796448
75,75,5.08215856552124,0.15264500677585602,0.01810421794652939,4.305515766143799,0.6058934926986694
76,76,1.0988165140151978,0.14268338680267334,0.09598274528980255,0.02170651964843273,0.8384438753128052
77,77,0.5187505483627319,0.14126582443714142,0.14966534078121185,0.02169353887438774,0.20612582564353943
78,78,5.055872917175293,0.1646687239408493,0.029919901862740517,4.308337688446045,0.5529463887214661
79,79,5.119814395904541,0.14581942558288574,0.02493184432387352,4.316993236541748,0.6320702433586121
80,80,5.029434680938721,0.16213156282901764,0.022017432376742363,4.317678928375244,0.5276069045066833
81,81,5.102273941040039,0.15941855311393738,0.04288015514612198,4.297959804534912,0.6020154356956482
82,82,4.960193634033203,0.1887395828962326,0.0338476225733757,4.323421478271484,0.4141850769519806
83,83,0.9948882460594177,0.13194520771503448,0.08338360488414764,0.021729163825511932,0.7578302621841431
84,84,5.53375244140625,0.17516577243804932,0.04582787677645683,4.313240051269531,0.999518632888794
85,85,4.896648406982422,0.12831628322601318,0.015395901165902615,4.321357250213623,0.431579053401947
86,86,5.190532207489014,0.15175749361515045,0.030207104980945587,4.309629917144775,0.6989378333091736
87,87,5.030976295471191,0.13096705079078674,0.010478461161255836,4.3061323165893555,0.583398163318634
88,88,5.119468688964844,0.1376984566450119,0.04084179550409317,4.300730228424072,0.6401984691619873
89,89,5.615867614746094,0.15039530396461487,0.02197195217013359,4.321060657501221,1.1224396228790283
90,90,0.9493358731269836,0.12970247864723206,0.0354028046131134,0.08686697483062744,0.6973636150360107
91,91,5.437251567840576,0.1433579921722412,0.019225995987653732,4.310281276702881,0.964386522769928
92,92,0.7387758493423462,0.18818408250808716,0.028073621913790703,0.04351945221424103,0.47899869084358215
93,93,0.806504487991333,0.14060969650745392,0.1720893383026123,0.021726777777075768,0.47207868099212646
94,94,5.374445915222168,0.1408616602420807,0.043627869337797165,4.3048295974731445,0.8851264715194702
95,95,5.281469345092773,0.1458943635225296,0.02572430670261383,4.306093692779541,0.8037570714950562
96,96,5.238647937774658,0.14137855172157288,0.0042624869383871555,4.318857192993164,0.7741499543190002
97,97,5.173842430114746,0.13708853721618652,0.024839280173182487,4.306794166564941,0.7051208019256592
98,98,5.060573577880859,0.1583448201417923,0.04023382067680359,4.318573951721191,0.5434208512306213
99,99,5.041322708129883,0.13751596212387085,0.015001259744167328,4.318822860717773,0.5699825882911682
100,100,0.7262926697731018,0.14762094616889954,0.0300509724766016,0.0217231884598732,0.5268975496292114
101,101,0.5398398041725159,0.16225439310073853,0.048052966594696045,0.021781275048851967,0.3077511489391327
102,102,5.21501350402832,0.14335167407989502,0.07561351358890533,4.303625583648682,0.6924228668212891
103,103,5.016493797302246,0.1453346610069275,0.034087326377630234,4.311817646026611,0.5252543091773987
104,104,5.134849548339844,0.15823237597942352,0.03243154287338257,4.320319175720215,0.6238664388656616
105,105,5.105523586273193,0.1496616005897522,0.0260896198451519,4.312089443206787,0.6176828145980835
106,106,4.962111473083496,0.18293556571006775,0.025948839262127876,4.305540084838867,0.44768714904785156
107,107,5.22753381729126,0.178509920835495,0.021556761115789413,4.307958602905273,0.7195085883140564
108,108,4.786149501800537,0.16529817879199982,0.04895058274269104,4.323766231536865,0.24813473224639893
109,109,4.892178535461426,0.14560414850711823,0.031053338199853897,4.320319652557373,0.39520132541656494
110,110,4.902548313140869,0.13180804252624512,0.12008941173553467,4.318686008453369,0.3319650888442993
111,111,0.7024823427200317,0.14313900470733643,0.026412423700094223,0.02173607423901558,0.5111948251724243
112,112,1.1710376739501953,0.15046989917755127,0.1079038679599762,0.021732192486524582,0.8909317851066589
113,113,5.035141944885254,0.1383361667394638,0.03481888025999069,4.298132419586182,0.5638545751571655
114,114,5.091543197631836,0.1474907547235489,0.029378797858953476,4.301211357116699,0.6134623885154724
115,115,5.0229105949401855,0.15486019849777222,0.032829686999320984,4.308495998382568,0.5267248749732971
116,116,4.988081932067871,0.12357723712921143,0.05812622606754303,4.325114727020264,0.4812634289264679
117,117,5.030918598175049,0.14828240871429443,0.04243408143520355,4.301204681396484,0.5389977097511292
118,118,6.132736682891846,0.13442501425743103,0.011565832421183586,4.309718132019043,1.6770275831222534
119,119,5.541287899017334,0.14314432442188263,0.03257112205028534,4.311159610748291,1.0544127225875854
120,120,5.014441967010498,0.15174908936023712,0.020306693390011787,4.304681301116943,0.5377048254013062
121,121,5.015110969543457,0.15895980596542358,0.03383658081293106,4.32038688659668,0.5019277334213257
122,122,5.357950210571289,0.16718430817127228,0.041460707783699036,4.314601421356201,0.8347041606903076
123,123,5.078847408294678,0.15779007971286774,0.020261432975530624,4.323657035827637,0.5771389603614807
124,124,1.8208935260772705,0.14099682867527008,0.38156649470329285,0.0217408649623394,1.2765893936157227
125,125,5.3481245040893555,0.14914549887180328,0.02385910041630268,4.31117582321167,0.8639439344406128
126,126,5.0712103843688965,0.14838182926177979,0.03550068661570549,4.315394878387451,0.5719327926635742
127,127,1.3053503036499023,0.1657589077949524,0.027749229222536087,0.021784842014312744,1.090057373046875
128,128,0.6887428760528564,0.132307767868042,0.06526344269514084,0.02177479863166809,0.46939682960510254
129,129,4.964672088623047,0.1442597508430481,0.01676982454955578,4.313373565673828,0.490268737077713
130,130,4.889987468719482,0.1402149498462677,0.04418112337589264,4.315089225769043,0.39050179719924927
131,131,0.7177528142929077,0.12503479421138763,0.06699077039957047,0.021662993356585503,0.5040642619132996
132,132,4.989291191101074,0.12943078577518463,0.060931384563446045,4.30482816696167,0.4941011667251587
133,133,0.5425142049789429,0.1578267365694046,0.031708866357803345,0.021735861897468567,0.33124276995658875
134,134,5.1594696044921875,0.14223837852478027,0.018422815948724747,4.3039774894714355,0.6948306560516357
135,135,5.180755615234375,0.13700340688228607,0.17899034917354584,4.315996170043945,0.5487658381462097
136,136,0.6367217898368835,0.1304023116827011,0.014295513741672039,0.02169898897409439,0.47032496333122253
137,137,5.062851905822754,0.1414346545934677,0.043784402310848236,4.3088603019714355,0.5687720775604248
138,138,5.442720413208008,0.14205250144004822,0.0751441940665245,4.318790912628174,0.9067326188087463
139,139,5.0143046379089355,0.14764784276485443,0.015543842688202858,4.310660362243652,0.5404523015022278
140,140,5.202702045440674,0.13263344764709473,0.050160691142082214,4.307001113891602,0.7129070162773132
141,141,5.2754926681518555,0.14452503621578217,0.06033027917146683,4.32043981552124,0.7501975297927856
142,142,5.0910563468933105,0.16094091534614563,0.0482647605240345,4.299203395843506,0.5826473832130432
143,143,0.6507586240768433,0.136921226978302,0.19753117859363556,0.02169375866651535,0.29461246728897095
144,144,5.055851936340332,0.13689249753952026,0.018201064318418503,4.320676803588867,0.5800812840461731
145,145,0.6510283350944519,0.1253008246421814,0.0563415065407753,0.021747663617134094,0.4476383328437805
146,146,4.975999355316162,0.14296643435955048,0.015260891988873482,4.323243618011475,0.49452847242355347
147,147,1.1335093975067139,0.14587411284446716,0.06281445920467377,0.02173934504389763,0.9030814170837402
148,148,0.9975215792655945,0.12931138277053833,0.05073420703411102,0.021727152168750763,0.7957488298416138
149,149,5.088108539581299,0.14224322140216827,0.01599845662713051,4.295993804931641,0.6338730454444885
150,150,0.2567097842693329,0.13753746449947357,0.025548653677105904,0.04330676048994064,0.05031690001487732
151,151,5.115027904510498,0.15140756964683533,0.026893112808465958,4.304256439208984,0.6324705481529236
152,152,5.001657009124756,0.14183476567268372,0.06565031409263611,4.319774150848389,0.47439780831336975
153,153,5.467009544372559,0.12857170403003693,0.05171649158000946,4.302331924438477,0.9843891859054565
154,154,5.036962985992432,0.14663109183311462,0.014314204454421997,4.308492183685303,0.5675255060195923
155,155,0.650686502456665,0.17666023969650269,0.03290018439292908,0.021778620779514313,0.4193474352359772
156,156,5.088820457458496,0.13262438774108887,0.1030949205160141,4.306838035583496,0.5462633371353149
157,157,1.2113964557647705,0.14144940674304962,0.03479447215795517,0.021694865077733994,1.0134577751159668
158,158,5.263462066650391,0.12602703273296356,0.032666727900505066,4.301751136779785,0.8030171990394592
159,159,5.238315105438232,0.1387058049440384,0.01974724978208542,4.321658611297607,0.7582034468650818
160,160,4.9141082763671875,0.13142630457878113,0.0163654163479805,4.3096771240234375,0.4566391110420227
161,161,5.057507038116455,0.1465102881193161,0.025920258834958076,4.304926872253418,0.5801496505737305
162,162,5.147943496704102,0.16406844556331635,0.023867135867476463,4.310028553009033,0.6499794721603394
163,163,5.751309394836426,0.15701933205127716,0.026272684335708618,4.325638294219971,1.2423789501190186
164,164,5.2594170570373535,0.13067257404327393,0.041734419763088226,4.308966636657715,0.7780433893203735
165,165,5.082854747772217,0.13491575419902802,0.029737478122115135,4.316730976104736,0.601470410823822
166,166,5.392474174499512,0.1518891304731369,0.04582405090332031,4.320187568664551,0.8745729923248291
167,167,5.139566421508789,0.12619008123874664,0.18761751055717468,4.298338890075684,0.5274199843406677
168,168,4.823597431182861,0.1375509798526764,0.03819694370031357,4.309694290161133,0.33815544843673706
169,169,0.5438376069068909,0.12855447828769684,0.17744189500808716,0.02181132137775421,0.21602994203567505
170,170,0.970818817615509,0.135073721408844,0.035458117723464966,0.02165432646870613,0.778632640838623
171,171,4.860235691070557,0.1406468003988266,0.05223832279443741,4.317351818084717,0.3499988615512848
172,172,0.6207329034805298,0.11900495737791061,0.040350541472435,0.02173224464058876,0.4396451711654663
173,173,5.024770736694336,0.17218919098377228,0.022036846727132797,4.305891513824463,0.5246530771255493
174,174,5.051771640777588,0.12584425508975983,0.01892152614891529,4.313994407653809,0.5930113196372986
175,175,4.874536037445068,0.1549941748380661,0.024145442992448807,4.305735111236572,0.38966113328933716
176,176,5.144623756408691,0.12570036947727203,0.0231291763484478,4.310084342956543,0.6857101321220398
177,177,4.771179676055908,0.15066049993038177,0.026495229452848434,4.313870429992676,0.28015372157096863
178,178,5.108182907104492,0.14146557450294495,0.030789488926529884,4.323626518249512,0.6123015284538269
179,179,5.075711250305176,0.1302424669265747,0.018234947696328163,4.309659957885742,0.6175739169120789
180,180,0.6542438864707947,0.11511687934398651,0.06650703400373459,0.021666765213012695,0.4509532153606415
181,181,5.362912178039551,0.125990092754364,0.057746522128582,4.304272174835205,0.8749030828475952
182,182,4.993807315826416,0.13277849555015564,0.028410550206899643,4.306886196136475,0.5257320404052734
183,183,4.98439884185791,0.13582278788089752,0.020001813769340515,4.307732105255127,0.5208419561386108
184,184,5.130194664001465,0.12147955596446991,0.00925222784280777,4.313691139221191,0.6857718825340271
185,185,5.23147439956665,0.1462612748146057,0.02776590920984745,4.293607234954834,0.7638400197029114
186,186,0.6189314723014832,0.12435591965913773,0.02531065233051777,0.021757859736680984,0.4475070536136627
187,187,4.99796199798584,0.16620947420597076,0.03887939453125,4.301360130310059,0.4915129840373993
188,188,0.7946742177009583,0.13768137991428375,0.04445590078830719,0.021700941026210785,0.5908359885215759
189,189,5.266267776489258,0.14290829002857208,0.018174687400460243,4.308040142059326,0.7971451282501221
190,190,5.664007663726807,0.14633648097515106,0.024900201708078384,4.299792766571045,1.1929785013198853
191,191,4.901762008666992,0.14886926114559174,0.02487047016620636,4.304468154907227,0.423554003238678
192,192,5.031241416931152,0.130303755402565,0.055694106966257095,4.296873569488525,0.5483700037002563
193,193,5.650147914886475,0.1161910817027092,0.05394865572452545,4.297373294830322,1.182634949684143
194,194,5.0106201171875,0.14539478719234467,0.04061000794172287,4.3007073402404785,0.5239080786705017
195,195,4.962230682373047,0.15350760519504547,0.04672791808843613,4.316075325012207,0.4459202289581299
196,196,0.6025791764259338,0.12003083527088165,0.027245022356510162,0.02170749381184578,0.43359583616256714
197,197,5.259336948394775,0.17907631397247314,0.03123026341199875,4.3033928871154785,0.7456375360488892
198,198,5.024806976318359,0.13593141734600067,0.03434687480330467,4.313596248626709,0.5409324765205383
199,199,5.0854411125183105,0.12262582033872604,0.038466617465019226,4.3124308586120605,0.611918032169342
200,200,5.276086807250977,0.14058737456798553,0.030510231852531433,4.309391021728516,0.7955978512763977
201,201,5.331703186035156,0.17165476083755493,0.0338054783642292,4.312713623046875,0.8135292530059814
202,202,0.807289719581604,0.1181802898645401,0.19605708122253418,0.02180679887533188,0.47124555706977844
203,203,0.931305468082428,0.12522585690021515,0.2922931909561157,0.02177584543824196,0.49201059341430664
204,204,4.791159629821777,0.13816411793231964,0.0533655546605587,4.316801071166992,0.2828286290168762
205,205,0.3805345296859741,0.12897537648677826,0.08722762763500214,0.021764950826764107,0.14256656169891357
206,206,5.13077974319458,0.12152671068906784,0.05820844694972038,4.3141045570373535,0.6369400024414062
207,207,4.965400695800781,0.15684202313423157,0.0321311354637146,4.319190979003906,0.4572369456291199
208,208,0.7265706062316895,0.11679162085056305,0.056402113288640976,0.021738700568675995,0.5316382050514221
209,209,0.90929114818573,0.1229347437620163,0.03015749156475067,0.02173071727156639,0.7344681620597839
210,210,5.086846828460693,0.1280163824558258,0.03511158376932144,4.30915641784668,0.6145626902580261
211,211,5.060946464538574,0.14675167202949524,0.0293656624853611,4.309055805206299,0.5757731795310974
212,212,0.7042506337165833,0.17487174272537231,0.027118338271975517,0.0218319334089756,0.48042863607406616
213,213,5.182751655578613,0.10975828766822815,0.05691166967153549,4.312998294830322,0.7030836343765259
214,214,5.041658401489258,0.13833706080913544,0.022044725716114044,4.2894697189331055,0.5918070077896118
215,215,5.05216121673584,0.13821764290332794,0.023763403296470642,4.305230617523193,0.5849494338035583
216,216,5.151492595672607,0.12425351142883301,0.06226632744073868,4.309854507446289,0.6551184058189392
217,217,4.998504638671875,0.13271008431911469,0.022713545709848404,4.310314655303955,0.5327664017677307
218,218,4.9180779457092285,0.16684168577194214,0.03420624881982803,4.303605556488037,0.4134243428707123
219,219,0.3964255750179291,0.1334051489830017,0.05495399609208107,0.021725423634052277,0.18634101748466492
220,220,5.155311584472656,0.15153108537197113,0.03407150134444237,4.3283843994140625,0.6413246393203735
221,221,4.647231578826904,0.15573959052562714,0.027789972722530365,4.315225124359131,0.14847730100154877
222,222,4.7036824226379395,0.11952720582485199,0.07303480803966522,4.307382583618164,0.20373758673667908
223,223,5.202466011047363,0.12274806201457977,0.03617965430021286,4.327620506286621,0.7159176468849182
224,224,4.884239673614502,0.13719937205314636,0.04383426159620285,4.313712120056152,0.3894940912723541
225,225,0.7078664898872375,0.14783835411071777,0.032454196363687515,0.021734341979026794,0.5058395862579346
226,226,0.6777190566062927,0.14389289915561676,0.04198891669511795,0.021728739142417908,0.4701085090637207
227,227,5.054542541503906,0.1377350240945816,0.033342234790325165,4.306176662445068,0.5772885680198669
228,228,5.025022506713867,0.14034448564052582,0.011442034505307674,4.308448314666748,0.5647878646850586
229,229,4.982730865478516,0.13287098705768585,0.02301161177456379,4.313625335693359,0.5132229328155518
230,230,4.9004130363464355,0.1669795960187912,0.025818508118391037,4.319723129272461,0.38789185881614685
231,231,4.85347843170166,0.12528692185878754,0.13744640350341797,4.329463958740234,0.2612808346748352
232,232,5.062357425689697,0.11473491787910461,0.03369908407330513,4.296508312225342,0.6174150705337524
233,233,5.377712249755859,0.13346728682518005,0.025377396494150162,4.305488109588623,0.9133797287940979
234,234,5.267104625701904,0.14412757754325867,0.05037391185760498,4.308287620544434,0.7643157839775085
235,235,0.6970347166061401,0.1180632933974266,0.0897141844034195,0.021747082471847534,0.4675101339817047
236,236,4.916018962860107,0.12030136585235596,0.020800704136490822,4.305023193359375,0.46989405155181885
237,237,0.5053708553314209,0.13134820759296417,0.014835404232144356,0.021712753921747208,0.3374744951725006
238,238,4.971574306488037,0.11221704632043839,0.0336722694337368,4.307743072509766,0.5179420709609985
239,239,4.656715393066406,0.16493378579616547,0.02621389552950859,4.312043190002441,0.15352462232112885
240,240,5.255910396575928,0.12498601526021957,0.09122253954410553,4.319921016693115,0.7197809815406799
241,241,4.9498982429504395,0.13801880180835724,0.023258917033672333,4.309114933013916,0.4795055091381073
242,242,5.570151329040527,0.12479033321142197,0.08806151896715164,4.3152594566345215,1.0420397520065308
243,243,5.0634846687316895,0.11659755557775497,0.023999996483325958,4.328872203826904,0.5940151810646057
244,244,5.070429801940918,0.12431862205266953,0.05092978477478027,4.299400329589844,0.5957810282707214
245,245,0.6138167381286621,0.10436680167913437,0.062181562185287476,0.021699223667383194,0.42556917667388916
246,246,5.201633453369141,0.12457440793514252,0.018517449498176575,4.30457878112793,0.7539631128311157
247,247,5.109297275543213,0.1514161229133606,0.04554184526205063,4.322754859924316,0.5895842909812927
248,248,4.74118709564209,0.15137901902198792,0.02285783179104328,4.308981418609619,0.2579690217971802
249,249,5.028631687164307,0.13506954908370972,0.028697896748781204,4.305866718292236,0.5589975118637085
250,250,5.450469970703125,0.11761041730642319,0.02176748216152191,4.31047248840332,1.0006191730499268
251,251,5.0958356857299805,0.155167818069458,0.03359384089708328,4.299803256988525,0.6072708368301392
252,252,5.1268310546875,0.12752029299736023,0.011916263028979301,4.310665607452393,0.6767289042472839
253,253,0.6607537865638733,0.12053252011537552,0.05692143738269806,0.021755177527666092,0.46154463291168213
254,254,5.168636322021484,0.12050820142030716,0.014856535010039806,4.313781261444092,0.7194904088973999
255,255,0.7678799629211426,0.1420556604862213,0.04040181636810303,0.02179621160030365,0.5636262893676758
256,256,5.528646945953369,0.156236469745636,0.040988657623529434,4.3025102615356445,1.0289114713668823
257,257,0.6293805837631226,0.11595716327428818,0.07525326311588287,0.02171574905514717,0.4164544343948364
258,258,4.7817816734313965,0.1405811607837677,0.05356443673372269,4.304213047027588,0.2834227681159973
259,259,0.7524897456169128,0.13518621027469635,0.19040772318840027,0.04335515946149826,0.38354063034057617
260,260,0.6620753407478333,0.12267923355102539,0.03542965278029442,0.021778885275125504,0.48218756914138794
261,261,5.292543411254883,0.13495320081710815,0.02447379194200039,4.32758903503418,0.8055273294448853
262,262,0.692038893699646,0.11187887191772461,0.075493723154068,0.021697048097848892,0.4829692840576172
263,263,4.923783302307129,0.13806261122226715,0.021260403096675873,4.304896831512451,0.45956307649612427
264,264,4.899970054626465,0.15437252819538116,0.022981587797403336,4.325589179992676,0.39702650904655457
265,265,0.5110936164855957,0.12136854231357574,0.06281150877475739,0.043394509702920914,0.28351908922195435
266,266,5.060814380645752,0.12353577464818954,0.021826865151524544,4.316174507141113,0.5992769598960876
267,267,1.1962629556655884,0.12652479112148285,0.040273625403642654,0.02166636288166046,1.007798194885254
268,268,4.929023265838623,0.13076528906822205,0.030591588467359543,4.318178653717041,0.4494878351688385
269,269,0.6994260549545288,0.11324004828929901,0.10868167132139206,0.021759409457445145,0.4557449519634247
270,270,5.080618858337402,0.11224022507667542,0.023857522755861282,4.321540832519531,0.6229798793792725
271,271,4.911492824554443,0.12479807436466217,0.016517020761966705,4.296453952789307,0.4737240672111511
272,272,4.947248935699463,0.1133897453546524,0.038667090237140656,4.309157371520996,0.48603466153144836
273,273,4.963371276855469,0.10964712500572205,0.028619643300771713,4.318019390106201,0.5070855617523193
274,274,5.130343914031982,0.1550205498933792,0.03423278406262398,4.294318675994873,0.6467720866203308
275,275,5.023136138916016,0.11698318272829056,0.049257054924964905,4.305419445037842,0.5514767169952393
276,276,5.0922770500183105,0.12810823321342468,0.02597438544034958,4.304661273956299,0.6335331201553345
277,277,0.6497054100036621,0.11502929776906967,0.07133667916059494,0.02170858345925808,0.44163084030151367
278,278,5.024787425994873,0.12944158911705017,0.02141265943646431,4.308505535125732,0.5654277205467224
279,279,5.2451701164245605,0.12043062597513199,0.03813628852367401,4.3139262199401855,0.7726770639419556
280,280,0.6558057069778442,0.11723849922418594,0.25093507766723633,0.021708112210035324,0.2659240663051605
281,281,5.254197597503662,0.12447094172239304,0.041718434542417526,4.311160564422607,0.7768478989601135
282,282,0.9350254535675049,0.1154584288597107,0.08242142200469971,0.02176520973443985,0.7153803706169128
283,283,4.958525657653809,0.118157759308815,0.06101094186306,4.311345100402832,0.4680118262767792
284,284,5.032385349273682,0.14935056865215302,0.032930850982666016,4.309300899505615,0.5408027768135071
285,285,5.223153114318848,0.11545723676681519,0.019779909402132034,4.316066741943359,0.7718490362167358
286,286,0.5634380578994751,0.10862934589385986,0.04756170138716698,0.021768346428871155,0.385478675365448
287,287,5.004680633544922,0.11050538718700409,0.06166129559278488,4.311714172363281,0.5207996964454651
288,288,0.7469455599784851,0.10651397705078125,0.11018958687782288,0.021717388182878494,0.5085245966911316
289,289,5.32188606262207,0.12799859046936035,0.05494233965873718,4.304816722869873,0.8341281414031982
290,290,5.101238250732422,0.14825312793254852,0.02314116433262825,4.330843925476074,0.5989999175071716
291,291,5.8484907150268555,0.13300645351409912,0.040205299854278564,4.306546211242676,1.3687330484390259
292,292,5.238605499267578,0.13617585599422455,0.01865960657596588,4.309857368469238,0.7739123702049255
293,293,5.451169967651367,0.128980353474617,0.01598620042204857,4.308536052703857,0.9976673126220703
294,294,5.292422294616699,0.109906405210495,0.07673574239015579,4.318129062652588,0.787651002407074
295,295,5.179897785186768,0.11282441020011902,0.05510479211807251,4.3165483474731445,0.6954203248023987
296,296,5.375024795532227,0.12370829284191132,0.024401245638728142,4.313207626342773,0.9137077927589417
297,297,5.062925338745117,0.12997125089168549,0.032409846782684326,4.305578231811523,0.5949657559394836
298,298,5.262907981872559,0.11297480016946793,0.038743242621421814,4.312261581420898,0.7989284992218018
299,299,0.45702096819877625,0.14785680174827576,0.04154977202415466,0.021730639040470123,0.2458837628364563
300,300,5.00670862197876,0.14575494825839996,0.02651289664208889,4.308535099029541,0.5259055495262146
301,301,0.6145063638687134,0.15707983076572418,0.028975969180464745,0.021678932011127472,0.4067716598510742
302,302,5.921802520751953,0.11421672999858856,0.03612154722213745,4.312733173370361,1.4587314128875732
303,303,0.6687306761741638,0.1154908835887909,0.059142906218767166,0.021722983568906784,0.472373902797699
304,304,5.070781707763672,0.11163849383592606,0.07994397729635239,4.317723751068115,0.5614753365516663
305,305,5.395671844482422,0.11739620566368103,0.06144631281495094,4.320971488952637,0.895857572555542
306,306,5.106883525848389,0.1311938315629959,0.030280452221632004,4.312713623046875,0.6326955556869507
307,307,4.981842994689941,0.1987886130809784,0.022166818380355835,4.323812007904053,0.43707558512687683
308,308,5.043481826782227,0.14732171595096588,0.026948492974042892,4.328266143798828,0.5409456491470337
309,309,0.9493001103401184,0.10908801853656769,0.14708104729652405,0.02179056778550148,0.6713404655456543
310,310,5.109456539154053,0.16208507120609283,0.027773769572377205,4.326125144958496,0.593472421169281
311,311,4.921260833740234,0.11948376893997192,0.011717378161847591,4.313826560974121,0.4762328267097473
312,312,5.181169509887695,0.1198306754231453,0.021535947918891907,4.3169355392456055,0.7228676676750183
313,313,5.162241458892822,0.11211112141609192,0.031190304085612297,4.306233882904053,0.7127062082290649
314,314,0.7218267917633057,0.18211857974529266,0.031721703708171844,0.043384961783885956,0.4646015465259552
315,315,4.976018905639648,0.13556066155433655,0.024326549842953682,4.3062591552734375,0.5098722577095032
316,316,5.015779972076416,0.12758003175258636,0.01695704087615013,4.309040069580078,0.5622028112411499
317,317,0.7517591714859009,0.10947467386722565,0.06303645670413971,0.021750159561634064,0.5574978590011597
318,318,4.9502458572387695,0.12670937180519104,0.014943938702344894,4.306243896484375,0.5023482441902161
319,319,5.025753498077393,0.11985638737678528,0.0533725805580616,4.311733722686768,0.540790855884552
320,320,0.7611640691757202,0.13771642744541168,0.04145125299692154,0.04342334717512131,0.5385730266571045
321,321,5.071583271026611,0.12158120423555374,0.020355086773633957,4.299877643585205,0.629769504070282
322,322,5.014657974243164,0.13177333772182465,0.028056081384420395,4.312081336975098,0.5427467823028564
323,323,4.961156845092773,0.1252223551273346,0.03148657828569412,4.303408622741699,0.5010395050048828
324,324,0.5653255581855774,0.13139575719833374,0.025833657011389732,0.02175392583012581,0.38634222745895386
325,325,0.6302711367607117,0.15944164991378784,0.034188952296972275,0.02179918810725212,0.41484132409095764
326,326,5.014938831329346,0.11076638102531433,0.03128330782055855,4.315732955932617,0.5571562051773071
327,327,4.741066932678223,0.1298295259475708,0.014056764543056488,4.316093921661377,0.28108689188957214
328,328,5.057465553283691,0.12114608287811279,0.022212833166122437,4.313684463500977,0.600422203540802
329,329,4.903957366943359,0.11700168997049332,0.022927120327949524,4.2974395751953125,0.46658897399902344
330,330,5.073953628540039,0.11628929525613785,0.03718412667512894,4.298981666564941,0.6214984059333801
331,331,5.52876091003418,0.11636816710233688,0.009766913950443268,4.300349235534668,1.1022769212722778
332,332,5.172729969024658,0.15941983461380005,0.028761912137269974,4.316502571105957,0.6680455803871155
333,333,4.954555511474609,0.1437898725271225,0.025695042684674263,4.305051803588867,0.48001837730407715
334,334,5.087586879730225,0.12171663343906403,0.0253448486328125,4.2955322265625,0.6449934244155884
335,335,0.4806286692619324,0.1739272177219391,0.02240704372525215,0.021642353385686874,0.26265203952789307
336,336,5.204415798187256,0.11372343450784683,0.024641089141368866,4.306567668914795,0.7594839334487915
337,337,4.983450412750244,0.12530402839183807,0.015238406136631966,4.306804180145264,0.5361039042472839
338,338,5.196244716644287,0.11402146518230438,0.013289481401443481,4.311213493347168,0.7577203512191772
339,339,5.064622402191162,0.12248311191797256,0.02137395367026329,4.313361644744873,0.6074039340019226
340,340,1.2442160844802856,0.12049861252307892,0.04754602164030075,0.021703287959098816,1.0544681549072266
341,341,4.991848468780518,0.13049699366092682,0.010826312936842442,4.3106279373168945,0.5398975610733032
342,342,5.081812381744385,0.12329044193029404,0.023752126842737198,4.3217244148254395,0.6130450367927551
343,343,4.9280805587768555,0.13565564155578613,0.02066550962626934,4.315352916717529,0.4564065635204315
344,344,5.195534706115723,0.12285804003477097,0.04406416043639183,4.313051223754883,0.7155611515045166
345,345,5.183154582977295,0.1108037680387497,0.04240832105278969,4.311144828796387,0.7187976241111755
346,346,0.49856704473495483,0.09669797867536545,0.06088259071111679,0.021750066429376602,0.3192363977432251
347,347,5.025912761688232,0.1268135905265808,0.021230466663837433,4.307740211486816,0.5701283812522888
348,348,5.0031023025512695,0.12945130467414856,0.030712075531482697,4.314048767089844,0.5288903713226318
349,349,4.883562088012695,0.14068864285945892,0.018713295459747314,4.323923110961914,0.40023690462112427
350,350,4.928842544555664,0.12072692066431046,0.020103270187973976,4.309604167938232,0.47840845584869385
351,351,5.029694557189941,0.10633274912834167,0.025306135416030884,4.302844047546387,0.5952112674713135
352,352,4.932650089263916,0.10850363224744797,0.04036583751440048,4.316926956176758,0.46685343980789185
353,353,4.982133388519287,0.10817443579435349,0.02760349214076996,4.315712928771973,0.5306423306465149
354,354,0.5739953517913818,0.14784353971481323,0.01200785767287016,0.021657098084688187,0.3924868702888489
355,355,0.5247508883476257,0.11715598404407501,0.025565030053257942,0.021798543632030487,0.36023133993148804
356,356,0.6152743101119995,0.11830979585647583,0.017855163663625717,0.021763626486063004,0.45734572410583496
357,357,5.104940891265869,0.12107325345277786,0.04254530370235443,4.312012195587158,0.6293102502822876
358,358,4.982899188995361,0.12345224618911743,0.027034558355808258,4.318890571594238,0.5135214924812317
359,359,0.7784572839736938,0.10406530648469925,0.028391487896442413,0.021706536412239075,0.6242939233779907
360,360,5.061890602111816,0.10829323530197144,0.09469904005527496,4.30855655670166,0.5503414273262024
361,361,5.102669715881348,0.11501902341842651,0.041302379220724106,4.321589946746826,0.6247584223747253
362,362,5.086613655090332,0.16072341799736023,0.0333297997713089,4.3109235763549805,0.5816367268562317
363,363,5.372649669647217,0.11893332749605179,0.024328699335455894,4.302114486694336,0.9272733330726624
364,364,5.290252685546875,0.10390717536211014,0.05814347416162491,4.3140740394592285,0.814128041267395
365,365,5.234560966491699,0.14606031775474548,0.027659891173243523,4.321338653564453,0.7395020127296448
366,366,0.836706280708313,0.15111491084098816,0.02705106884241104,0.02174071967601776,0.6367995738983154
367,367,5.005893230438232,0.1466696858406067,0.03063693456351757,4.309711456298828,0.5188751220703125
368,368,4.936220645904541,0.12626414000988007,0.024311121553182602,4.304870128631592,0.48077547550201416
369,369,0.6873415112495422,0.14768211543560028,0.044037092477083206,0.02167598158121109,0.47394633293151855
370,370,5.062282085418701,0.1463807225227356,0.03655324876308441,4.312085151672363,0.5672631859779358
371,371,4.885300159454346,0.11696115881204605,0.02905210852622986,4.301868915557861,0.4374179542064667
372,372,4.868268013000488,0.14009100198745728,0.016502603888511658,4.310172080993652,0.40150201320648193
373,373,5.114020824432373,0.15243421494960785,0.02329218201339245,4.31158971786499,0.6267045736312866
374,374,5.245862007141113,0.15114745497703552,0.013004627078771591,4.324248790740967,0.7574609518051147
375,375,4.93523645401001,0.11400774121284485,0.020381024107336998,4.322551250457764,0.47829630970954895
376,376,5.23776912689209,0.1293228268623352,0.029473399743437767,4.318414211273193,0.7605583667755127
377,377,5.0963029861450195,0.12099434435367584,0.04428182169795036,4.304597854614258,0.6264293193817139
378,378,5.064696788787842,0.13273842632770538,0.03101459890604019,4.302265644073486,0.5986782312393188
379,379,0.8015570640563965,0.10805176943540573,0.18935248255729675,0.021755654364824295,0.4823971390724182
380,380,0.5579991936683655,0.1294250637292862,0.027499044314026833,0.021708667278289795,0.379366397857666
381,381,0.6008638143539429,0.10348299890756607,0.04641328752040863,0.021705444902181625,0.42926204204559326
382,382,0.7127580046653748,0.14591942727565765,0.020093971863389015,0.02179611101746559,0.5249484777450562
383,383,5.089588642120361,0.14467553794384003,0.03896382823586464,4.31837797164917,0.5875712037086487
384,384,5.072188377380371,0.0976865142583847,0.04072311148047447,4.299191474914551,0.6345871090888977
385,385,6.534907341003418,0.10919862985610962,0.0637173056602478,4.32181978225708,2.0401716232299805
386,386,5.118906497955322,0.10525631904602051,0.08965016901493073,4.3034491539001465,0.6205507516860962
387,387,4.969496726989746,0.1259905844926834,0.027738485485315323,4.321412563323975,0.494355171918869
388,388,5.482317924499512,0.132862389087677,0.035983871668577194,4.304862976074219,1.0086089372634888
389,389,1.0420472621917725,0.10869044065475464,0.06828021258115768,0.02169896475970745,0.8433775901794434
390,390,5.2798309326171875,0.10887302458286285,0.06333000212907791,4.298007965087891,0.8096199035644531
391,391,4.950543403625488,0.11551949381828308,0.02735774777829647,4.31190299987793,0.49576336145401
392,392,5.455813884735107,0.11612638086080551,0.01726282387971878,4.313628196716309,1.0087968111038208
393,393,5.085665702819824,0.1111452504992485,0.020347753539681435,4.298044204711914,0.6561282873153687
394,394,0.7323465347290039,0.09475156664848328,0.03224385529756546,0.021751832216978073,0.5835992693901062
395,395,0.467190146446228,0.10188870877027512,0.07539772987365723,0.02168525941669941,0.268218457698822
396,396,4.777607440948486,0.12686026096343994,0.026294566690921783,4.297441005706787,0.3270117938518524
397,397,1.181497573852539,0.11123906075954437,0.47185218334198,0.021728135645389557,0.5766780972480774
398,398,4.984977722167969,0.11455004662275314,0.03818536177277565,4.3043999671936035,0.5278422832489014
399,399,0.7152791023254395,0.14987558126449585,0.025229081511497498,0.021724332123994827,0.518450140953064
400,400,4.911211967468262,0.10714183747768402,0.1636829674243927,4.316254138946533,0.3241327404975891
401,401,5.1999735832214355,0.1068962886929512,0.02893943339586258,4.294050216674805,0.7700878381729126
402,402,4.924363613128662,0.09917211532592773,0.06527163088321686,4.3113250732421875,0.44859445095062256
403,403,4.974396705627441,0.10104178637266159,0.05469813197851181,4.310718536376953,0.5079381465911865
404,404,4.900619029998779,0.1340557038784027,0.021168099716305733,4.334777355194092,0.4106179475784302
405,405,1.2527709007263184,0.11466847360134125,0.20109349489212036,0.02160138636827469,0.9154074788093567
406,406,4.688472270965576,0.10695989429950714,0.038665272295475006,4.301783084869385,0.2410641312599182
407,407,5.186909198760986,0.14157670736312866,0.047009699046611786,4.305139541625977,0.6931833624839783
408,408,5.0264058113098145,0.11105983704328537,0.0908176600933075,4.315099716186523,0.5094286203384399
409,409,0.5420774221420288,0.12082076072692871,0.045516643673181534,0.02172594517469406,0.3540140986442566
410,410,0.7512066960334778,0.10343991219997406,0.06094176694750786,0.02177947759628296,0.5650455355644226
411,411,0.358326256275177,0.15066760778427124,0.0305563323199749,0.04360083118081093,0.13350148499011993
412,412,4.994974136352539,0.10328149050474167,0.07161714136600494,4.309772491455078,0.5103029012680054
413,413,5.01032018661499,0.13954289257526398,0.043092433363199234,4.317597389221191,0.5100876092910767
414,414,5.443672180175781,0.13459698855876923,0.035228580236434937,4.309671878814697,0.9641746282577515
415,415,5.102363586425781,0.10559912770986557,0.0414600744843483,4.308786392211914,0.6465179324150085
416,416,4.834203243255615,0.10800447314977646,0.08390668034553528,4.313577175140381,0.3287147879600525
417,417,0.8819137811660767,0.11462117731571198,0.183717280626297,0.021661121398210526,0.5619142055511475
418,418,4.945655822753906,0.09320264309644699,0.08171011507511139,4.315772533416748,0.4549705386161804
419,419,5.800329685211182,0.10291101783514023,0.10912585258483887,4.3007354736328125,1.2875572443008423
420,420,4.703383445739746,0.08396117389202118,0.031454071402549744,4.323540687561035,0.26442787051200867
421,421,5.412907600402832,0.11595052480697632,0.01399291679263115,4.309924125671387,0.9730401635169983
422,422,5.7820048332214355,0.0977027416229248,0.05649237707257271,4.316418170928955,1.3113913536071777
423,423,5.032125949859619,0.11864674091339111,0.0369577594101429,4.304440021514893,0.5720817446708679
424,424,5.83467960357666,0.10858374834060669,0.07628494501113892,4.31345796585083,1.3363525867462158
425,425,5.1181182861328125,0.12381710857152939,0.040114596486091614,4.299174785614014,0.655011773109436
426,426,5.133857250213623,0.10895276069641113,0.06390668451786041,4.312781810760498,0.6482157111167908
427,427,5.160355567932129,0.1090259850025177,0.04688457399606705,4.298266410827637,0.7061787247657776
428,428,5.1336188316345215,0.10111380368471146,0.02800503745675087,4.312946319580078,0.6915534138679504
429,429,5.610836029052734,0.14193524420261383,0.0501057468354702,4.320652961730957,1.0981419086456299
430,430,0.6226636171340942,0.09562017023563385,0.03490797057747841,0.021786393597722054,0.4703490734100342
431,431,0.5547018051147461,0.11890365183353424,0.02525811269879341,0.02174978330731392,0.3887902498245239
432,432,5.016777515411377,0.10448980331420898,0.037156812846660614,4.302560806274414,0.572570264339447
433,433,0.56974858045578,0.11406248062849045,0.029397662729024887,0.02180054597556591,0.4044879078865051
434,434,5.068404197692871,0.12658481299877167,0.0590052492916584,4.313436508178711,0.5693776607513428
435,435,5.039525508880615,0.14540888369083405,0.03155859559774399,4.300662040710449,0.5618959665298462
436,436,0.5495509505271912,0.10274603962898254,0.08613234758377075,0.021787747740745544,0.3388848304748535
437,437,5.008939743041992,0.10062173008918762,0.05173242837190628,4.301358222961426,0.555227518081665
438,438,5.252236366271973,0.10449104756116867,0.02516970783472061,4.3042144775390625,0.8183612823486328
439,439,5.434232711791992,0.11647482961416245,0.022605570033192635,4.290024757385254,1.0051276683807373
440,440,0.6920194625854492,0.10532420128583908,0.06607531011104584,0.021778937429189682,0.49884098768234253
441,441,5.051567554473877,0.10767999291419983,0.013080883771181107,4.309803009033203,0.6210035681724548
442,442,4.75791072845459,0.10317657142877579,0.04231817275285721,4.297478675842285,0.31493696570396423
443,443,5.151535511016846,0.12572240829467773,0.023229796439409256,4.305943012237549,0.6966406106948853
444,444,0.631230890750885,0.11790629476308823,0.022711042314767838,0.021744176745414734,0.4688693881034851
445,445,5.112727165222168,0.10497456043958664,0.1152934655547142,4.321663856506348,0.5707951188087463
446,446,5.053139686584473,0.09479967504739761,0.0529380701482296,4.315925598144531,0.5894764065742493
447,447,5.010881423950195,0.14457975327968597,0.04663415253162384,4.306849002838135,0.5128182768821716
448,448,5.0268120765686035,0.13998772203922272,0.02141323871910572,4.3099260330200195,0.5554851293563843
449,449,4.702064037322998,0.12522850930690765,0.03126393258571625,4.301839828491211,0.2437317967414856
450,450,5.038293838500977,0.11061166971921921,0.02306545339524746,4.3055009841918945,0.5991159677505493
451,451,0.7725571393966675,0.09739398211240768,0.16845574975013733,0.021725045517086983,0.48498231172561646
452,452,5.198609352111816,0.10066880285739899,0.03332368656992912,4.3170647621154785,0.7475520968437195
453,453,5.225308418273926,0.10697212815284729,0.03837466612458229,4.3109917640686035,0.7689699530601501
454,454,5.0030198097229,0.12019400298595428,0.02497156336903572,4.30684757232666,0.5510067343711853
455,455,5.655782222747803,0.1409127414226532,0.019195230677723885,4.319997310638428,1.175676941871643
456,456,5.08599853515625,0.13621056079864502,0.04496843367815018,4.3099684715271,0.5948508977890015
457,457,5.167858123779297,0.09930684417486191,0.030374638736248016,4.297418117523193,0.7407581806182861
458,458,5.017446041107178,0.09578052163124084,0.035488929599523544,4.308079719543457,0.5780966877937317
459,459,5.058082580566406,0.1655026525259018,0.023147011175751686,4.31240177154541,0.5570313334465027
460,460,5.213231086730957,0.1394709050655365,0.03394216299057007,4.3072590827941895,0.7325586080551147
461,461,0.6041141152381897,0.10328635573387146,0.03190625458955765,0.021689940243959427,0.44723156094551086
462,462,0.8845487833023071,0.18503260612487793,0.0322500541806221,0.043412692844867706,0.6238534450531006
463,463,4.792372226715088,0.13702528178691864,0.02117157354950905,4.320329666137695,0.3138454854488373
464,464,0.6761019825935364,0.08887211978435516,0.07666988670825958,0.021759454160928726,0.4888005256652832
465,465,5.048209190368652,0.10684778541326523,0.06524625420570374,4.3010149002075195,0.5751002430915833
466,466,4.960533142089844,0.11150621622800827,0.03858238458633423,4.307436943054199,0.5030072927474976
467,467,5.411096572875977,0.11643899977207184,0.02935199625790119,4.305641174316406,0.9596644639968872
468,468,5.015239715576172,0.09549839049577713,0.0202534981071949,4.29707145690918,0.6024163961410522
469,469,4.92529821395874,0.12745638191699982,0.04035096615552902,4.324978828430176,0.4325118660926819
470,470,5.618117332458496,0.12071903795003891,0.03375516086816788,4.308650493621826,1.1549924612045288
471,471,5.045121669769287,0.10777923464775085,0.024003485217690468,4.31474494934082,0.5985943675041199
472,472,5.022360801696777,0.1388355791568756,0.031073521822690964,4.3246612548828125,0.527790367603302
473,473,5.073622703552246,0.09799226373434067,0.015601655468344688,4.300076484680176,0.6599521040916443
474,474,5.201961517333984,0.09135395288467407,0.03300713747739792,4.299783706665039,0.7778167128562927
475,475,5.024240016937256,0.09233839809894562,0.019862040877342224,4.3101606369018555,0.6018790602684021
476,476,5.120389461517334,0.12850797176361084,0.019160768017172813,4.311163902282715,0.6615568399429321
477,477,4.964964866638184,0.1315152645111084,0.02736787125468254,4.302820205688477,0.5032615065574646
478,478,4.964168071746826,0.14991451799869537,0.027539923787117004,4.314052581787109,0.4726608991622925
479,479,4.939499378204346,0.12634320557117462,0.026084762066602707,4.309220314025879,0.47785094380378723
480,480,5.056264877319336,0.1157519593834877,0.03407249599695206,4.301985263824463,0.6044551730155945
481,481,5.138467788696289,0.08967547118663788,0.05233557149767876,4.304326057434082,0.6921305060386658
482,482,0.8292402029037476,0.11039148271083832,0.10573282092809677,0.02163347601890564,0.591482400894165
483,483,0.464926153421402,0.13375212252140045,0.02014944702386856,0.021719131618738174,0.2893054485321045
484,484,4.867686748504639,0.09776604920625687,0.07559341937303543,4.308053493499756,0.38627395033836365
485,485,0.5523157119750977,0.09897218644618988,0.0813797265291214,0.043614715337753296,0.3283490836620331
486,486,5.082611083984375,0.11192005127668381,0.029434487223625183,4.315433025360107,0.6258236765861511
487,487,5.317193508148193,0.10353963077068329,0.06475870311260223,4.302555084228516,0.8463401198387146
488,488,4.9449357986450195,0.11109662055969238,0.03175058215856552,4.309977054595947,0.4921115040779114
489,489,4.9752726554870605,0.09381646662950516,0.04983082041144371,4.310771942138672,0.5208533406257629
490,490,5.572661876678467,0.12065060436725616,0.03899698704481125,4.323498725891113,1.0895156860351562
491,491,0.6387146711349487,0.12814874947071075,0.018372585996985435,0.021770907565951347,0.4704224169254303
492,492,0.5966582894325256,0.10012336820363998,0.01799261011183262,0.02175102010369301,0.45679131150245667
493,493,0.6630033254623413,0.10668797791004181,0.05912303924560547,0.02175469882786274,0.47543764114379883
494,494,5.157078266143799,0.10161622613668442,0.0249701589345932,4.315552711486816,0.7149391770362854
495,495,5.267100811004639,0.09938418865203857,0.05843633413314819,4.306454181671143,0.802825927734375
496,496,5.398324012756348,0.11196184158325195,0.02227948233485222,4.311415195465088,0.9526677131652832
497,497,5.016952037811279,0.11212874948978424,0.021206364035606384,4.299888610839844,0.5837282538414001
498,498,5.002717971801758,0.11322017014026642,0.02338463068008423,4.3004279136657715,0.5656850934028625
499,499,1.2938125133514404,0.11994719505310059,0.04792392998933792,0.021731572225689888,1.1042097806930542
500,500,4.951292514801025,0.0948256105184555,0.03839423507452011,4.303403377532959,0.5146694779396057
501,501,0.7250396013259888,0.0884496346116066,0.14623582363128662,0.021732719615101814,0.4686214029788971
502,502,4.78704833984375,0.09538114815950394,0.023758288472890854,4.311753273010254,0.3561553657054901
503,503,4.901211738586426,0.10376755148172379,0.018990881741046906,4.310452461242676,0.4680006504058838
504,504,5.052699089050293,0.1086062639951706,0.03192910552024841,4.305739879608154,0.60642409324646
505,505,0.6722840666770935,0.09248843789100647,0.14179769158363342,0.021737627685070038,0.416260302066803
506,506,4.920159339904785,0.10541602969169617,0.02000247687101364,4.30864143371582,0.4860992431640625
507,507,4.910756587982178,0.10920397192239761,0.04184187203645706,4.3132829666137695,0.44642800092697144
508,508,0.6781632900238037,0.10026252269744873,0.11420471966266632,0.021696843206882477,0.4419991970062256
509,509,5.490579128265381,0.11203279346227646,0.03702373802661896,4.3303046226501465,1.0112180709838867
510,510,5.245324611663818,0.16619601845741272,0.025422601029276848,4.321976661682129,0.7317294478416443
511,511,4.934596538543701,0.11117799580097198,0.024060428142547607,4.314068794250488,0.4852888882160187
512,512,5.215027809143066,0.10035725682973862,0.006489185616374016,4.307661533355713,0.8005198836326599
513,513,5.437075614929199,0.12296473979949951,0.03132572025060654,4.318484783172607,0.9643001556396484
514,514,4.883751392364502,0.13990028202533722,0.027409568428993225,4.327064514160156,0.38937702775001526
515,515,4.979495525360107,0.10608264803886414,0.03137243166565895,4.308236598968506,0.5338039398193359
516,516,4.996004104614258,0.10951145738363266,0.028262419626116753,4.310896396636963,0.5473337173461914
517,517,5.126936912536621,0.1006949320435524,0.030323520302772522,4.297598838806152,0.6983194947242737
518,518,0.7234640121459961,0.15068523585796356,0.03144865110516548,0.04341128468513489,0.4979188144207001
519,519,5.07874870300293,0.09196304529905319,0.06749080866575241,4.300331115722656,0.6189638376235962
520,520,0.5872671604156494,0.09322834759950638,0.13079454004764557,0.021786276251077652,0.3414580225944519
521,521,5.474579811096191,0.09423913806676865,0.012034443207085133,4.318214416503906,1.0500919818878174
522,522,5.203461647033691,0.09174031019210815,0.028972497209906578,4.304739952087402,0.7780086994171143
523,523,5.031002044677734,0.1035129502415657,0.039044540375471115,4.309538841247559,0.5789057612419128
524,524,5.0654120445251465,0.0986759141087532,0.057996563613414764,4.315999984741211,0.5927394032478333
525,525,5.231226444244385,0.09218655526638031,0.063526950776577,4.307159423828125,0.7683534026145935
526,526,0.7929859161376953,0.08890239149332047,0.204610213637352,0.02172999083995819,0.47774332761764526
527,527,5.020910263061523,0.10179734975099564,0.0375717356801033,4.305845737457275,0.5756956934928894
528,528,4.925351619720459,0.09260624647140503,0.024114245548844337,4.302367210388184,0.5062636733055115
529,529,5.183948516845703,0.0955071821808815,0.07137888669967651,4.309915542602539,0.7071468830108643
530,530,4.951135635375977,0.08232518285512924,0.03102383017539978,4.297406196594238,0.5403802990913391
531,531,5.055394172668457,0.11279774457216263,0.02476595714688301,4.312994480133057,0.6048357486724854
532,532,5.153143882751465,0.11997832357883453,0.04620848968625069,4.299025058746338,0.6879319548606873
533,533,5.082539081573486,0.1156967505812645,0.02492743730545044,4.293389797210693,0.6485252380371094
534,534,5.175957679748535,0.10518686473369598,0.02456207573413849,4.31350040435791,0.732708215713501
535,535,5.120165824890137,0.099058598279953,0.03695552796125412,4.301506996154785,0.6826449036598206
536,536,5.1513776779174805,0.09775292873382568,0.03285903111100197,4.318376064300537,0.7023894786834717
537,537,5.0644636154174805,0.09973806887865067,0.020738404244184494,4.33220100402832,0.611786425113678
538,538,4.950701713562012,0.1159944161772728,0.03738123178482056,4.3254265785217285,0.4718993902206421
539,539,4.88692569732666,0.1367221474647522,0.024703364819288254,4.313103199005127,0.41239678859710693
540,540,5.164464950561523,0.08767064660787582,0.041424062103033066,4.315443515777588,0.7199268937110901
541,541,0.6035314798355103,0.10159321874380112,0.039588749408721924,0.02172202616930008,0.44062748551368713
542,542,0.844399631023407,0.0948304608464241,0.0565117672085762,0.021772947162389755,0.6712844371795654
543,543,5.189686298370361,0.10979098081588745,0.018685344606637955,4.313690662384033,0.7475196719169617
544,544,5.075657844543457,0.09138540178537369,0.04307274892926216,4.311329364776611,0.6298703551292419
545,545,5.075542449951172,0.14206135272979736,0.025331776589155197,4.306110858917236,0.6020384430885315
546,546,5.71079683303833,0.08858775347471237,0.06200157105922699,4.326812744140625,1.233394742012024
547,547,5.731731414794922,0.10834287106990814,0.03328525274991989,4.3165483474731445,1.2735546827316284
548,548,5.068225860595703,0.08342621475458145,0.04355200007557869,4.310546398162842,0.6307010054588318
549,549,5.221623420715332,0.09646584093570709,0.03661060333251953,4.309399604797363,0.779147207736969
550,550,4.988890171051025,0.13596424460411072,0.028286408632993698,4.2925920486450195,0.5320472717285156
551,551,5.007505416870117,0.11496264487504959,0.02228136733174324,4.313779830932617,0.5564813613891602
552,552,0.49179989099502563,0.13736027479171753,0.019141966477036476,0.021697763353586197,0.3135998845100403
553,553,5.346492767333984,0.11009959131479263,0.05157357454299927,4.314804553985596,0.870015025138855
554,554,1.0003595352172852,0.12040333449840546,0.04231610149145126,0.02174750342965126,0.8158926367759705
555,555,4.985777854919434,0.11838115006685257,0.021227186545729637,4.303867340087891,0.542302131652832
556,556,0.8121463060379028,0.0815683901309967,0.2020433247089386,0.021644651889801025,0.5068899393081665
557,557,5.219138145446777,0.11034934222698212,0.02589522674679756,4.310608863830566,0.7722843289375305
558,558,5.11981725692749,0.10041450709104538,0.02598140947520733,4.299637794494629,0.693783700466156
559,559,0.7456759214401245,0.09193181991577148,0.1131463497877121,0.021708646789193153,0.5188891291618347
560,560,1.1393353939056396,0.09392864257097244,0.27087029814720154,0.021714583039283752,0.7528218626976013
561,561,4.963626861572266,0.08851756155490875,0.04418677091598511,4.310290336608887,0.5206321477890015
562,562,0.7152819633483887,0.13007202744483948,0.03344925493001938,0.021818891167640686,0.5299417972564697
563,563,0.9206337928771973,0.08603818714618683,0.05320766195654869,0.021780282258987427,0.7596076726913452
564,564,4.653283596038818,0.13553471863269806,0.024750767275691032,4.315996170043945,0.17700210213661194
565,565,4.875675678253174,0.09429541230201721,0.056267548352479935,4.301870346069336,0.42324256896972656
566,566,5.101306438446045,0.09088609367609024,0.011466003954410553,4.30850887298584,0.6904452443122864
567,567,5.522544860839844,0.13975439965724945,0.03551312908530235,4.306985378265381,1.0402915477752686
568,568,0.6674502491950989,0.09653843194246292,0.05917026847600937,0.02170541137456894,0.49003612995147705
569,569,5.089264392852783,0.10004283487796783,0.022843757644295692,4.311977386474609,0.6544002294540405
570,570,5.204825401306152,0.08668224513530731,0.0866624191403389,4.3193535804748535,0.7121269702911377
571,571,0.6386029720306396,0.10287537425756454,0.0230402834713459,0.02182217501103878,0.49086517095565796
572,572,5.3087568283081055,0.13686257600784302,0.033418986946344376,4.318387508392334,0.8200881481170654
573,573,5.101184368133545,0.10519593209028244,0.017859384417533875,4.308328151702881,0.6698006987571716
574,574,5.225214004516602,0.10162919014692307,0.03582153096795082,4.308923244476318,0.7788398265838623
575,575,5.012125015258789,0.11219234019517899,0.02965724840760231,4.299045562744141,0.571229875087738
576,576,0.692772626876831,0.08946552872657776,0.18268772959709167,0.021776553243398666,0.39884284138679504
577,577,1.118211269378662,0.09200578182935715,0.09376534074544907,0.021777132526040077,0.9106630086898804
578,578,5.37357234954834,0.09582329541444778,0.038848184049129486,4.312245845794678,0.9266547560691833
579,579,0.6999543905258179,0.08702916651964188,0.11611630022525787,0.021727751940488815,0.4750811457633972
580,580,0.5034841299057007,0.13644617795944214,0.0338827446103096,0.0217557605355978,0.3113994300365448
581,581,5.019305229187012,0.09447288513183594,0.03894953802227974,4.3030900955200195,0.5827928781509399
582,582,4.91547155380249,0.12976112961769104,0.029584266245365143,4.297942161560059,0.4581838846206665
583,583,0.407702773809433,0.08792178332805634,0.12200218439102173,0.02171347662806511,0.1760653257369995
584,584,5.389415740966797,0.11228689551353455,0.029454538598656654,4.3096442222595215,0.9380303025245667
585,585,5.103732109069824,0.13087116181850433,0.056637778878211975,4.303215503692627,0.6130074858665466
586,586,0.5289134979248047,0.10101635009050369,0.21048851311206818,0.02171037532389164,0.19569826126098633
587,587,5.485249042510986,0.09095139801502228,0.016665300354361534,4.306291580200195,1.0713406801223755
588,588,5.213776111602783,0.09027370810508728,0.10484400391578674,4.308326721191406,0.7103312611579895
589,589,4.842188358306885,0.14473432302474976,0.018607458099722862,4.327104091644287,0.3517424762248993
590,590,4.9970269203186035,0.11486834287643433,0.042207665741443634,4.303243160247803,0.5367079377174377
591,591,5.211585998535156,0.09433093667030334,0.028060181066393852,4.297386169433594,0.7918084859848022
592,592,4.9725470542907715,0.13159632682800293,0.045794155448675156,4.3035688400268555,0.4915876090526581
593,593,0.6081749796867371,0.08415821939706802,0.008955048397183418,0.0217725932598114,0.49328914284706116
594,594,5.353078365325928,0.09662553668022156,0.02207154966890812,4.297144889831543,0.9372361898422241
595,595,5.092153549194336,0.09312333911657333,0.03662180155515671,4.313121795654297,0.6492866277694702
596,596,5.125034332275391,0.09887869656085968,0.027050800621509552,4.316380023956299,0.6827251315116882
597,597,5.081785678863525,0.09833263605833054,0.07118493318557739,4.308721542358398,0.6035467982292175
598,598,4.933994770050049,0.09032803773880005,0.029817888513207436,4.312727928161621,0.5011211633682251
599,599,6.551046371459961,0.09650375694036484,0.09362715482711792,4.320804119110107,2.040111780166626
600,600,5.055521011352539,0.14992065727710724,0.04333563521504402,4.3170695304870605,0.5451951622962952
